<?xml version="1.0" encoding="UTF-8"?>
<robot generated="20170503 06:41:36.248" generator="Robot 3.0.2 (Python 2.7.12 on win32)">
<suite source="C:\Users\abalu\Sample.robot" id="s1" name="Sample">
<test id="s1-t1" name="test1">
<kw name="Open Browser" library="Selenium2Library">
<doc>Opens a new browser instance to given URL.</doc>
<arguments>
<arg>https://www.bmo.com</arg>
<arg>gc</arg>
</arguments>
<msg timestamp="20170503 06:41:36.934" level="INFO">Opening browser 'gc' to base url 'https://www.bmo.com'</msg>
<status status="PASS" endtime="20170503 06:42:03.312" starttime="20170503 06:41:36.934"></status>
</kw>
<kw name="Sleep" library="BuiltIn">
<doc>Pauses the test executed for the given time.</doc>
<arguments>
<arg>7</arg>
</arguments>
<msg timestamp="20170503 06:42:10.318" level="INFO">Slept 7 seconds</msg>
<status status="PASS" endtime="20170503 06:42:10.318" starttime="20170503 06:42:03.313"></status>
</kw>
<kw name="Close Browser" library="Selenium2Library">
<doc>Closes the current browser.</doc>
<status status="PASS" endtime="20170503 06:42:11.774" starttime="20170503 06:42:10.318"></status>
</kw>
<status status="PASS" endtime="20170503 06:42:11.774" critical="yes" starttime="20170503 06:41:36.934"></status>
</test>
<status status="PASS" endtime="20170503 06:42:11.774" starttime="20170503 06:41:36.466"></status>
</suite>
<statistics>
<total>
<stat fail="0" pass="1">Critical Tests</stat>
<stat fail="0" pass="1">All Tests</stat>
</total>
<tag>
</tag>
<suite>
<stat fail="0" id="s1" name="Sample" pass="1">Sample</stat>
</suite>
</statistics>
<errors>
</errors>
</robot>
